{
  "origin_x": 385.8227848101265,
  "origin_y": 122.21806305598884,
  "spacing_x": 106.31656030965583,
  "spacing_y": 107.59164885747165,
  "roi_radius": 34,
  "corners": {
    "a1": [
      385.8227848101265,
      122.21806305598884
    ],
    "a12": [
      1555.3049482163406,
      113.5184082803847
    ],
    "h1": [
      378.36593785960866,
      875.3596050582904
    ],
    "h12": [
      1573.9470655926352,
      874.1167972332041
    ]
  }
}